<?xml version="1.0"?>
<!DOCTYPE quest PUBLIC
"-//org.lightless//HeroScribe Quest 1.4//EN"
"http://lightless.org/files/xml/quest-1.4.dtd">

<quest name="Quest for the Spirit Blade" region="USA" version="1.0" width="1" height="1">
<board>
<dark left="1" top="1" width="1" height="1" />
<dark left="1" top="2" width="1" height="1" />
<dark left="1" top="3" width="1" height="1" />
<dark left="1" top="4" width="1" height="1" />
<dark left="1" top="5" width="1" height="1" />
<dark left="1" top="6" width="1" height="1" />
<dark left="1" top="7" width="1" height="1" />
<dark left="1" top="13" width="1" height="1" />
<dark left="1" top="14" width="1" height="1" />
<dark left="1" top="15" width="1" height="1" />
<dark left="1" top="16" width="1" height="1" />
<dark left="1" top="17" width="1" height="1" />
<dark left="1" top="18" width="1" height="1" />
<dark left="1" top="19" width="1" height="1" />
<dark left="2" top="15" width="1" height="1" />
<dark left="2" top="16" width="1" height="1" />
<dark left="2" top="17" width="1" height="1" />
<dark left="2" top="18" width="1" height="1" />
<dark left="3" top="15" width="1" height="1" />
<dark left="3" top="16" width="1" height="1" />
<dark left="3" top="17" width="1" height="1" />
<dark left="3" top="18" width="1" height="1" />
<dark left="4" top="15" width="1" height="1" />
<dark left="4" top="16" width="1" height="1" />
<dark left="4" top="17" width="1" height="1" />
<dark left="4" top="18" width="1" height="1" />
<dark left="5" top="15" width="1" height="1" />
<dark left="5" top="16" width="1" height="1" />
<dark left="5" top="17" width="1" height="1" />
<dark left="5" top="18" width="1" height="1" />
<dark left="6" top="2" width="1" height="1" />
<dark left="6" top="3" width="1" height="1" />
<dark left="6" top="4" width="1" height="1" />
<dark left="7" top="2" width="1" height="1" />
<dark left="7" top="3" width="1" height="1" />
<dark left="7" top="4" width="1" height="1" />
<dark left="8" top="2" width="1" height="1" />
<dark left="8" top="3" width="1" height="1" />
<dark left="8" top="4" width="1" height="1" />
<dark left="8" top="11" width="1" height="1" />
<dark left="8" top="12" width="1" height="1" />
<dark left="8" top="13" width="1" height="1" />
<dark left="9" top="2" width="1" height="1" />
<dark left="9" top="3" width="1" height="1" />
<dark left="9" top="4" width="1" height="1" />
<dark left="9" top="11" width="1" height="1" />
<dark left="9" top="12" width="1" height="1" />
<dark left="9" top="13" width="1" height="1" />
<dark left="15" top="14" width="1" height="1" />
<dark left="15" top="15" width="1" height="1" />
<dark left="15" top="16" width="1" height="1" />
<dark left="15" top="17" width="1" height="1" />
<dark left="15" top="18" width="1" height="1" />
<dark left="16" top="14" width="1" height="1" />
<dark left="16" top="15" width="1" height="1" />
<dark left="16" top="16" width="1" height="1" />
<dark left="16" top="17" width="1" height="1" />
<dark left="16" top="18" width="1" height="1" />
<dark left="17" top="14" width="1" height="1" />
<dark left="17" top="15" width="1" height="1" />
<dark left="17" top="16" width="1" height="1" />
<dark left="17" top="17" width="1" height="1" />
<dark left="17" top="18" width="1" height="1" />
<dark left="18" top="2" width="1" height="1" />
<dark left="18" top="3" width="1" height="1" />
<dark left="18" top="4" width="1" height="1" />
<dark left="18" top="5" width="1" height="1" />
<dark left="18" top="11" width="1" height="1" />
<dark left="18" top="12" width="1" height="1" />
<dark left="18" top="13" width="1" height="1" />
<dark left="18" top="14" width="1" height="1" />
<dark left="18" top="15" width="1" height="1" />
<dark left="18" top="16" width="1" height="1" />
<dark left="18" top="17" width="1" height="1" />
<dark left="18" top="18" width="1" height="1" />
<dark left="19" top="2" width="1" height="1" />
<dark left="19" top="3" width="1" height="1" />
<dark left="19" top="4" width="1" height="1" />
<dark left="19" top="5" width="1" height="1" />
<dark left="19" top="11" width="1" height="1" />
<dark left="19" top="12" width="1" height="1" />
<dark left="19" top="13" width="1" height="1" />
<dark left="19" top="14" width="1" height="1" />
<dark left="20" top="1" width="1" height="1" />
<dark left="20" top="2" width="1" height="1" />
<dark left="20" top="3" width="1" height="1" />
<dark left="20" top="4" width="1" height="1" />
<dark left="20" top="5" width="1" height="1" />
<dark left="20" top="11" width="1" height="1" />
<dark left="20" top="12" width="1" height="1" />
<dark left="20" top="13" width="1" height="1" />
<dark left="20" top="14" width="1" height="1" />
<dark left="21" top="1" width="1" height="1" />
<dark left="21" top="2" width="1" height="1" />
<dark left="21" top="3" width="1" height="1" />
<dark left="21" top="4" width="1" height="1" />
<dark left="21" top="5" width="1" height="1" />
<dark left="21" top="11" width="1" height="1" />
<dark left="21" top="12" width="1" height="1" />
<dark left="21" top="13" width="1" height="1" />
<dark left="21" top="14" width="1" height="1" />
<dark left="22" top="1" width="1" height="1" />
<dark left="22" top="2" width="1" height="1" />
<dark left="22" top="3" width="1" height="1" />
<dark left="22" top="4" width="1" height="1" />
<dark left="22" top="5" width="1" height="1" />
<dark left="22" top="6" width="1" height="1" />
<dark left="22" top="7" width="1" height="1" />
<dark left="22" top="8" width="1" height="1" />
<dark left="22" top="9" width="1" height="1" />
<dark left="22" top="10" width="1" height="1" />
<dark left="22" top="11" width="1" height="1" />
<dark left="22" top="12" width="1" height="1" />
<dark left="22" top="13" width="1" height="1" />
<dark left="22" top="14" width="1" height="1" />
<dark left="23" top="1" width="1" height="1" />
<dark left="23" top="2" width="1" height="1" />
<dark left="23" top="3" width="1" height="1" />
<dark left="23" top="4" width="1" height="1" />
<dark left="23" top="5" width="1" height="1" />
<dark left="23" top="6" width="1" height="1" />
<dark left="23" top="7" width="1" height="1" />
<dark left="23" top="8" width="1" height="1" />
<dark left="23" top="9" width="1" height="1" />
<dark left="23" top="10" width="1" height="1" />
<dark left="23" top="11" width="1" height="1" />
<dark left="23" top="12" width="1" height="1" />
<dark left="23" top="13" width="1" height="1" />
<dark left="23" top="14" width="1" height="1" />
<dark left="24" top="1" width="1" height="1" />
<dark left="24" top="2" width="1" height="1" />
<dark left="24" top="3" width="1" height="1" />
<dark left="24" top="4" width="1" height="1" />
<dark left="24" top="5" width="1" height="1" />
<dark left="24" top="6" width="1" height="1" />
<dark left="24" top="7" width="1" height="1" />
<dark left="24" top="8" width="1" height="1" />
<dark left="24" top="9" width="1" height="1" />
<dark left="24" top="10" width="1" height="1" />
<dark left="24" top="11" width="1" height="1" />
<dark left="24" top="12" width="1" height="1" />
<dark left="24" top="13" width="1" height="1" />
<dark left="24" top="14" width="1" height="1" />
<dark left="25" top="1" width="1" height="1" />
<dark left="25" top="2" width="1" height="1" />
<dark left="25" top="3" width="1" height="1" />
<dark left="25" top="4" width="1" height="1" />
<dark left="25" top="5" width="1" height="1" />
<dark left="25" top="6" width="1" height="1" />
<dark left="25" top="7" width="1" height="1" />
<dark left="25" top="8" width="1" height="1" />
<dark left="25" top="9" width="1" height="1" />
<dark left="25" top="10" width="1" height="1" />
<dark left="25" top="11" width="1" height="1" />
<dark left="25" top="12" width="1" height="1" />
<dark left="25" top="13" width="1" height="1" />
<dark left="25" top="14" width="1" height="1" />
<dark left="26" top="1" width="1" height="1" />
<dark left="26" top="2" width="1" height="1" />
<dark left="26" top="3" width="1" height="1" />
<dark left="26" top="4" width="1" height="1" />
<dark left="26" top="5" width="1" height="1" />
<dark left="26" top="6" width="1" height="1" />
<dark left="26" top="7" width="1" height="1" />
<dark left="26" top="8" width="1" height="1" />
<dark left="26" top="9" width="1" height="1" />
<dark left="26" top="10" width="1" height="1" />
<dark left="26" top="11" width="1" height="1" />
<dark left="26" top="12" width="1" height="1" />
<dark left="26" top="13" width="1" height="1" />
<dark left="26" top="14" width="1" height="1" />
<dark left="26" top="15" width="1" height="1" />
<dark left="26" top="16" width="1" height="1" />
<dark left="26" top="17" width="1" height="1" />
<dark left="26" top="18" width="1" height="1" />
<dark left="26" top="19" width="1" height="1" />
<object id="DoubleBlockedSquare" left="13.0" top="3.0" rotation="downward" zorder="-5.0" />
<object id="SingleBlockedSquare" left="19.0" top="1.0" rotation="downward" zorder="-5.0" />
<object id="SecretDoor" left="6.0" top="10.0" rotation="downward" zorder="-5.0" />
<object id="FallingRock" left="6.0" top="8.0" rotation="downward" zorder="-5.0" />
<object id="FallingRock" left="9.0" top="8.0" rotation="downward" zorder="-5.0" />
<object id="FallingRock" left="8.0" top="6.0" rotation="downward" zorder="-5.0" />
<object id="FallingRock" left="14.0" top="4.0" rotation="downward" zorder="-5.0" />
<object id="FallingRock" left="13.0" top="5.0" rotation="downward" zorder="-5.0" />
<object id="FallingRock" left="16.0" top="4.0" rotation="downward" zorder="-5.0" />
<object id="FallingRock" left="10.0" top="1.0" rotation="downward" zorder="-5.0" />
<object id="SingleBlockedSquare" left="2.0" top="1.0" rotation="downward" zorder="-5.0" />
<object id="Table" left="10.0" top="14.0" rotation="upward" zorder="-5.0" />
<object id="SecretDoor" left="12.0" top="4.0" rotation="leftward" zorder="-5.0" />
<object id="Stairway" left="11.0" top="11.0" rotation="upward" zorder="-5.0" />
<object id="Door" left="6.0" top="10.0" rotation="downward" zorder="-1.0" />
<object id="Door" left="3.0" top="4.0" rotation="downward" zorder="-1.0" />
<object id="Door" left="9.0" top="5.0" rotation="rightward" zorder="-1.0" />
<object id="Door" left="14.0" top="5.0" rotation="rightward" zorder="-1.0" />
<object id="Door" left="16.0" top="1.0" rotation="upward" zorder="-1.0" />
<object id="Door" left="5.0" top="14.0" rotation="rightward" zorder="-1.0" />
<object id="Door" left="9.0" top="17.0" rotation="rightward" zorder="-1.0" />
<object id="Door" left="11.0" top="18.0" rotation="upward" zorder="-1.0" />
<object id="Door" left="4.0" top="1.0" rotation="downward" zorder="-1.0" />
<object id="DoubleBlockedSquare" left="13.0" top="6.0" rotation="downward" zorder="0.0" />
<object id="SpearTrap" left="12.0" top="7.0" rotation="downward" zorder="0.0" />
<object id="SpearTrap" left="15.0" top="7.0" rotation="downward" zorder="0.0" />
<object id="SingleBlockedSquare" left="1.0" top="8.0" rotation="downward" zorder="0.0" />
<object id="FallingRock" left="1.0" top="10.0" rotation="downward" zorder="0.0" />
<object id="Door" left="3.0" top="10.0" rotation="downward" zorder="0.0" />
<object id="SingleBlockedSquare" left="7.0" top="10.0" rotation="downward" zorder="0.0" />
<object id="Door" left="16.0" top="10.0" rotation="rightward" zorder="0.0" />
<object id="FallingRock" left="20.0" top="10.0" rotation="downward" zorder="0.0" />
<object id="SingleBlockedSquare" left="21.0" top="10.0" rotation="downward" zorder="0.0" />
<object id="SingleBlockedSquare" left="1.0" top="12.0" rotation="downward" zorder="0.0" />
<object id="Orc" left="3.0" top="12.0" rotation="downward" zorder="0.0" />
<object id="ChaosWarrior" left="4.0" top="12.0" rotation="downward" zorder="0.0" />
<object id="TreasureChest" left="7.0" top="12.0" rotation="downward" zorder="0.0" />
<object id="FallingRock" left="10.0" top="12.0" rotation="downward" zorder="0.0" />
<object id="Fimir" left="4.0" top="13.0" rotation="downward" zorder="0.0" />
<object id="LetterB" left="7.0" top="13.0" rotation="downward" zorder="0.0" />
<object id="Orc" left="17.0" top="13.0" rotation="downward" zorder="0.0" />
<object id="Table" left="7.0" top="14.0" rotation="downward" zorder="0.0" />
<object id="Orc" left="13.0" top="14.0" rotation="downward" zorder="0.0" />
<object id="Orc" left="14.0" top="14.0" rotation="downward" zorder="0.0" />
<object id="Table" left="4.0" top="15.0" rotation="rightward" zorder="0.0" />
<object id="FallingRock" left="13.0" top="15.0" rotation="downward" zorder="0.0" />
<object id="Orc" left="2.0" top="16.0" rotation="downward" zorder="0.0" />
<object id="Orc" left="3.0" top="16.0" rotation="downward" zorder="0.0" />
<object id="Goblin" left="7.0" top="16.0" rotation="downward" zorder="0.0" />
<object id="ChaosWarrior" left="23.0" top="16.0" rotation="downward" zorder="0.0" />
<object id="Goblin" left="7.0" top="17.0" rotation="downward" zorder="0.0" />
<object id="Orc" left="8.0" top="17.0" rotation="downward" zorder="0.0" />
<object id="FallingRock" left="14.0" top="17.0" rotation="downward" zorder="0.0" />
<object id="Skeleton" left="24.0" top="17.0" rotation="downward" zorder="0.0" />
<object id="Fimir" left="3.0" top="18.0" rotation="downward" zorder="0.0" />
<object id="Goblin" left="8.0" top="18.0" rotation="downward" zorder="0.0" />
<object id="FallingRock" left="20.0" top="18.0" rotation="downward" zorder="0.0" />
<object id="Door" left="20.0" top="18.0" rotation="downward" zorder="0.0" />
<object id="Mummy" left="21.0" top="18.0" rotation="downward" zorder="0.0" />
<object id="Door" left="23.0" top="18.0" rotation="downward" zorder="0.0" />
<object id="SingleBlockedSquare" left="2.0" top="19.0" rotation="downward" zorder="0.0" />
<object id="Fimir" left="13.0" top="19.0" rotation="downward" zorder="0.0" />
<object id="SingleBlockedSquare" left="25.0" top="19.0" rotation="downward" zorder="0.0" />
<object id="ChaosWarrior" left="4.0" top="8.0" rotation="downward" zorder="0.0" />
<object id="Skeleton" left="2.0" top="8.0" rotation="downward" zorder="0.0" />
<object id="Skeleton" left="5.0" top="8.0" rotation="downward" zorder="0.0" />
<object id="Skeleton" left="4.0" top="7.0" rotation="downward" zorder="0.0" />
<object id="Skeleton" left="3.0" top="7.0" rotation="downward" zorder="0.0" />
<object id="Mummy" left="8.0" top="7.0" rotation="downward" zorder="0.0" />
<object id="Zombie" left="7.0" top="6.0" rotation="downward" zorder="0.0" />
<object id="Zombie" left="7.0" top="8.0" rotation="downward" zorder="0.0" />
<object id="ChaosWarrior" left="16.0" top="3.0" rotation="downward" zorder="0.0" />
<object id="Orc" left="10.0" top="18.0" rotation="downward" zorder="0.0" />
<object id="Orc" left="12.0" top="16.0" rotation="downward" zorder="0.0" />
<object id="Fimir" left="11.0" top="16.0" rotation="downward" zorder="0.0" />
<object id="Door" left="20.0" top="9.0" rotation="downward" zorder="1.0" />
<object id="LetterA" left="3.0" top="8.0" rotation="downward" zorder="5.0" />
</board>
<speech></speech>
</quest>
