<?xml version="1.0"?>
<!DOCTYPE quest PUBLIC
"-//org.lightless//HeroScribe Quest 1.4//EN"
"http://lightless.org/files/xml/quest-1.4.dtd">

<quest name="The Fire Mage" region="USA" version="1.0" width="1" height="1">
<board>
<dark left="2" top="2" width="1" height="1" />
<dark left="2" top="3" width="1" height="1" />
<dark left="2" top="4" width="1" height="1" />
<dark left="3" top="2" width="1" height="1" />
<dark left="3" top="3" width="1" height="1" />
<dark left="3" top="4" width="1" height="1" />
<dark left="4" top="2" width="1" height="1" />
<dark left="4" top="3" width="1" height="1" />
<dark left="4" top="4" width="1" height="1" />
<dark left="5" top="2" width="1" height="1" />
<dark left="5" top="3" width="1" height="1" />
<dark left="5" top="4" width="1" height="1" />
<dark left="6" top="2" width="1" height="1" />
<dark left="6" top="3" width="1" height="1" />
<dark left="6" top="4" width="1" height="1" />
<dark left="6" top="11" width="1" height="1" />
<dark left="6" top="12" width="1" height="1" />
<dark left="6" top="13" width="1" height="1" />
<dark left="7" top="2" width="1" height="1" />
<dark left="7" top="3" width="1" height="1" />
<dark left="7" top="4" width="1" height="1" />
<dark left="7" top="11" width="1" height="1" />
<dark left="7" top="12" width="1" height="1" />
<dark left="7" top="13" width="1" height="1" />
<dark left="8" top="2" width="1" height="1" />
<dark left="8" top="3" width="1" height="1" />
<dark left="8" top="4" width="1" height="1" />
<dark left="9" top="2" width="1" height="1" />
<dark left="9" top="3" width="1" height="1" />
<dark left="9" top="4" width="1" height="1" />
<dark left="10" top="14" width="1" height="1" />
<dark left="10" top="15" width="1" height="1" />
<dark left="10" top="16" width="1" height="1" />
<dark left="10" top="17" width="1" height="1" />
<dark left="10" top="18" width="1" height="1" />
<dark left="11" top="14" width="1" height="1" />
<dark left="11" top="15" width="1" height="1" />
<dark left="11" top="16" width="1" height="1" />
<dark left="11" top="17" width="1" height="1" />
<dark left="11" top="18" width="1" height="1" />
<dark left="12" top="14" width="1" height="1" />
<dark left="12" top="15" width="1" height="1" />
<dark left="12" top="16" width="1" height="1" />
<dark left="12" top="17" width="1" height="1" />
<dark left="12" top="18" width="1" height="1" />
<dark left="13" top="3" width="1" height="1" />
<dark left="13" top="4" width="1" height="1" />
<dark left="13" top="5" width="1" height="1" />
<dark left="13" top="6" width="1" height="1" />
<dark left="13" top="7" width="1" height="1" />
<dark left="14" top="3" width="1" height="1" />
<dark left="14" top="4" width="1" height="1" />
<dark left="14" top="5" width="1" height="1" />
<dark left="14" top="6" width="1" height="1" />
<dark left="14" top="7" width="1" height="1" />
<dark left="15" top="2" width="1" height="1" />
<dark left="15" top="3" width="1" height="1" />
<dark left="15" top="4" width="1" height="1" />
<dark left="15" top="5" width="1" height="1" />
<dark left="15" top="6" width="1" height="1" />
<dark left="15" top="7" width="1" height="1" />
<dark left="16" top="2" width="1" height="1" />
<dark left="16" top="3" width="1" height="1" />
<dark left="16" top="4" width="1" height="1" />
<dark left="16" top="5" width="1" height="1" />
<dark left="16" top="6" width="1" height="1" />
<dark left="17" top="2" width="1" height="1" />
<dark left="17" top="3" width="1" height="1" />
<dark left="17" top="4" width="1" height="1" />
<dark left="17" top="5" width="1" height="1" />
<dark left="17" top="6" width="1" height="1" />
<dark left="18" top="2" width="1" height="1" />
<dark left="18" top="3" width="1" height="1" />
<dark left="18" top="4" width="1" height="1" />
<dark left="18" top="5" width="1" height="1" />
<dark left="18" top="6" width="1" height="1" />
<dark left="18" top="7" width="1" height="1" />
<dark left="18" top="8" width="1" height="1" />
<dark left="18" top="9" width="1" height="1" />
<dark left="19" top="2" width="1" height="1" />
<dark left="19" top="3" width="1" height="1" />
<dark left="19" top="4" width="1" height="1" />
<dark left="19" top="5" width="1" height="1" />
<dark left="19" top="6" width="1" height="1" />
<dark left="19" top="7" width="1" height="1" />
<dark left="19" top="8" width="1" height="1" />
<dark left="19" top="9" width="1" height="1" />
<dark left="20" top="2" width="1" height="1" />
<dark left="20" top="3" width="1" height="1" />
<dark left="20" top="4" width="1" height="1" />
<dark left="20" top="5" width="1" height="1" />
<dark left="20" top="6" width="1" height="1" />
<dark left="20" top="7" width="1" height="1" />
<dark left="20" top="8" width="1" height="1" />
<dark left="20" top="9" width="1" height="1" />
<dark left="21" top="2" width="1" height="1" />
<dark left="21" top="3" width="1" height="1" />
<dark left="21" top="4" width="1" height="1" />
<dark left="21" top="5" width="1" height="1" />
<dark left="21" top="6" width="1" height="1" />
<dark left="21" top="7" width="1" height="1" />
<dark left="21" top="8" width="1" height="1" />
<dark left="21" top="9" width="1" height="1" />
<dark left="22" top="2" width="1" height="1" />
<dark left="22" top="3" width="1" height="1" />
<dark left="22" top="4" width="1" height="1" />
<dark left="22" top="5" width="1" height="1" />
<dark left="22" top="15" width="1" height="1" />
<dark left="22" top="16" width="1" height="1" />
<dark left="22" top="17" width="1" height="1" />
<dark left="22" top="18" width="1" height="1" />
<dark left="23" top="2" width="1" height="1" />
<dark left="23" top="3" width="1" height="1" />
<dark left="23" top="4" width="1" height="1" />
<dark left="23" top="5" width="1" height="1" />
<dark left="23" top="15" width="1" height="1" />
<dark left="23" top="16" width="1" height="1" />
<dark left="23" top="17" width="1" height="1" />
<dark left="23" top="18" width="1" height="1" />
<dark left="24" top="2" width="1" height="1" />
<dark left="24" top="3" width="1" height="1" />
<dark left="24" top="4" width="1" height="1" />
<dark left="24" top="5" width="1" height="1" />
<dark left="24" top="15" width="1" height="1" />
<dark left="24" top="16" width="1" height="1" />
<dark left="24" top="17" width="1" height="1" />
<dark left="24" top="18" width="1" height="1" />
<dark left="25" top="2" width="1" height="1" />
<dark left="25" top="3" width="1" height="1" />
<dark left="25" top="4" width="1" height="1" />
<dark left="25" top="5" width="1" height="1" />
<dark left="25" top="15" width="1" height="1" />
<dark left="25" top="16" width="1" height="1" />
<dark left="25" top="17" width="1" height="1" />
<dark left="25" top="18" width="1" height="1" />
<object id="PitTrap" left="11.0" top="2.0" rotation="downward" zorder="-5.0" />
<object id="PitTrap" left="11.0" top="1.0" rotation="downward" zorder="-5.0" />
<object id="SingleBlockedSquare" left="10.0" top="9.0" rotation="downward" zorder="-5.0" />
<object id="SecretDoor" left="8.0" top="13.0" rotation="upward" zorder="-5.0" />
<object id="SecretDoor" left="10.0" top="11.0" rotation="rightward" zorder="-5.0" />
<object id="SpearTrap" left="8.0" top="12.0" rotation="downward" zorder="-5.0" />
<object id="SpearTrap" left="10.0" top="12.0" rotation="downward" zorder="-5.0" />
<object id="SpearTrap" left="8.0" top="15.0" rotation="downward" zorder="-5.0" />
<object id="SpearTrap" left="6.0" top="16.0" rotation="downward" zorder="-5.0" />
<object id="SpearTrap" left="15.0" top="10.0" rotation="downward" zorder="-5.0" />
<object id="PitTrap" left="16.0" top="10.0" rotation="downward" zorder="-5.0" />
<object id="SingleBlockedSquare" left="17.0" top="12.0" rotation="downward" zorder="-5.0" />
<object id="SpearTrap" left="26.0" top="15.0" rotation="downward" zorder="-5.0" />
<object id="SpearTrap" left="26.0" top="16.0" rotation="downward" zorder="-5.0" />
<object id="PitTrap" left="20.0" top="13.0" rotation="downward" zorder="-5.0" />
<object id="PitTrap" left="16.0" top="19.0" rotation="downward" zorder="-5.0" />
<object id="Door" left="11.0" top="1.0" rotation="downward" zorder="-1.0" />
<object id="Door" left="11.0" top="6.0" rotation="upward" zorder="-1.0" />
<object id="Door" left="9.0" top="8.0" rotation="leftward" zorder="-1.0" />
<object id="Door" left="5.0" top="5.0" rotation="leftward" zorder="-1.0" />
<object id="Door" left="20.0" top="14.0" rotation="downward" zorder="-1.0" />
<object id="Zombie" left="1.0" top="1.0" rotation="downward" zorder="0.0" />
<object id="PitTrap" left="2.0" top="1.0" rotation="downward" zorder="0.0" />
<object id="Zombie" left="25.0" top="1.0" rotation="downward" zorder="0.0" />
<object id="SingleBlockedSquare" left="1.0" top="2.0" rotation="downward" zorder="0.0" />
<object id="DoubleBlockedSquare" left="13.0" top="2.0" rotation="downward" zorder="0.0" />
<object id="SpearTrap" left="1.0" top="6.0" rotation="downward" zorder="0.0" />
<object id="Door" left="1.0" top="7.0" rotation="rightward" zorder="0.0" />
<object id="Zombie" left="4.0" top="7.0" rotation="downward" zorder="0.0" />
<object id="PitTrap" left="10.0" top="7.0" rotation="downward" zorder="0.0" />
<object id="SingleBlockedSquare" left="12.0" top="7.0" rotation="downward" zorder="0.0" />
<object id="DoubleBlockedSquare" left="16.0" top="7.0" rotation="downward" zorder="0.0" />
<object id="Door" left="25.0" top="7.0" rotation="rightward" zorder="0.0" />
<object id="Bookcase" left="14.0" top="8.0" rotation="upward" zorder="0.0" />
<object id="Stairway" left="22.0" top="8.0" rotation="upward" zorder="0.0" />
<object id="Door" left="3.0" top="9.0" rotation="downward" zorder="0.0" />
<object id="SorcerersTable" left="11.0" top="9.0" rotation="rightward" zorder="0.0" />
<object id="Mummy" left="13.0" top="9.0" rotation="downward" zorder="0.0" />
<object id="Zombie" left="16.0" top="9.0" rotation="downward" zorder="0.0" />
<object id="SpearTrap" left="17.0" top="9.0" rotation="downward" zorder="0.0" />
<object id="SingleBlockedSquare" left="26.0" top="9.0" rotation="downward" zorder="0.0" />
<object id="SingleBlockedSquare" left="2.0" top="10.0" rotation="downward" zorder="0.0" />
<object id="Door" left="5.0" top="10.0" rotation="downward" zorder="0.0" />
<object id="SingleBlockedSquare" left="9.0" top="10.0" rotation="downward" zorder="0.0" />
<object id="LetterX" left="12.75" top="10.0" rotation="downward" zorder="0.0" />
<object id="LetterX" left="13.25" top="10.0" rotation="downward" zorder="0.0" />
<object id="Door" left="16.0" top="10.0" rotation="rightward" zorder="0.0" />
<object id="SpearTrap" left="26.0" top="10.0" rotation="downward" zorder="0.0" />
<object id="Skeleton" left="5.0" top="11.0" rotation="downward" zorder="0.0" />
<object id="Mummy" left="13.0" top="11.0" rotation="downward" zorder="0.0" />
<object id="Zombie" left="16.0" top="11.0" rotation="downward" zorder="0.0" />
<object id="LetterA" left="22.0" top="11.0" rotation="downward" zorder="0.0" />
<object id="SpearTrap" left="26.0" top="11.0" rotation="downward" zorder="0.0" />
<object id="Bookcase" left="14.0" top="12.0" rotation="downward" zorder="0.0" />
<object id="TreasureChest" left="22.0" top="12.0" rotation="rightward" zorder="0.0" />
<object id="Orc" left="23.0" top="12.0" rotation="downward" zorder="0.0" />
<object id="Door" left="25.0" top="12.0" rotation="rightward" zorder="0.0" />
<object id="SpearTrap" left="1.0" top="13.0" rotation="downward" zorder="0.0" />
<object id="Skeleton" left="17.0" top="13.0" rotation="downward" zorder="0.0" />
<object id="Orc" left="24.0" top="13.0" rotation="downward" zorder="0.0" />
<object id="Door" left="4.0" top="14.0" rotation="downward" zorder="0.0" />
<object id="Orc" left="16.0" top="14.0" rotation="downward" zorder="0.0" />
<object id="Skeleton" left="4.0" top="15.0" rotation="downward" zorder="0.0" />
<object id="Table" left="15.0" top="15.0" rotation="upward" zorder="0.0" />
<object id="Orc" left="20.0" top="16.0" rotation="downward" zorder="0.0" />
<object id="Skeleton" left="7.0" top="17.0" rotation="downward" zorder="0.0" />
<object id="Orc" left="17.0" top="17.0" rotation="downward" zorder="0.0" />
<object id="Orc" left="21.0" top="17.0" rotation="downward" zorder="0.0" />
<object id="PitTrap" left="7.0" top="18.0" rotation="downward" zorder="0.0" />
<object id="Door" left="16.0" top="18.0" rotation="downward" zorder="0.0" />
<object id="Door" left="20.0" top="18.0" rotation="downward" zorder="0.0" />
<object id="SpearTrap" left="2.0" top="19.0" rotation="downward" zorder="0.0" />
<object id="SingleBlockedSquare" left="7.0" top="19.0" rotation="downward" zorder="0.0" />
<object id="PitTrap" left="8.0" top="19.0" rotation="downward" zorder="0.0" />
<object id="SingleBlockedSquare" left="10.0" top="19.0" rotation="downward" zorder="0.0" />
<object id="Skeleton" left="10.0" top="4.0" rotation="downward" zorder="0.0" />
<object id="Skeleton" left="11.0" top="3.0" rotation="downward" zorder="0.0" />
<object id="Skeleton" left="12.0" top="4.0" rotation="downward" zorder="0.0" />
<object id="Skeleton" left="11.0" top="4.0" rotation="downward" zorder="0.0" />
<object id="Fimir" left="20.0" top="12.0" rotation="downward" zorder="0.0" />
<object id="Zombie" left="7.0" top="7.0" rotation="downward" zorder="0.0" />
<object id="Goblin" left="25.0" top="11.0" rotation="downward" zorder="0.0" />
<object id="Goblin" left="25.0" top="13.0" rotation="downward" zorder="0.0" />
<object id="Goblin" left="18.0" top="11.0" rotation="downward" zorder="0.0" />
<object id="Skeleton" left="14.0" top="10.0" rotation="downward" zorder="0.0" />
<object id="Goblin" left="12.0" top="19.0" rotation="downward" zorder="0.0" />
<object id="Goblin" left="15.0" top="19.0" rotation="downward" zorder="0.0" />
<object id="Goblin" left="26.0" top="19.0" rotation="downward" zorder="0.0" />
<object id="Skeleton" left="4.0" top="14.0" rotation="downward" zorder="1.0" />
<object id="Door" left="3.0" top="18.0" rotation="downward" zorder="1.0" />
<object id="Door" left="6.0" top="18.0" rotation="downward" zorder="1.0" />
<object id="Door" left="8.0" top="18.0" rotation="downward" zorder="1.0" />
<object id="Skeleton" left="3.0" top="18.0" rotation="downward" zorder="2.0" />
<object id="Skeleton" left="6.0" top="19.0" rotation="downward" zorder="2.0" />
<object id="LetterX" left="11.0" top="5.0" rotation="downward" zorder="5.0" />
</board>
<speech></speech>
</quest>
