<?xml version="1.0"?>
<!DOCTYPE quest PUBLIC
"-//org.lightless//HeroScribe Quest 1.4//EN"
"http://lightless.org/files/xml/quest-1.4.dtd">

<quest name="Race Against Time" region="USA" version="1.0" width="1" height="1">
<board>
<dark left="5" top="1" width="1" height="1" />
<dark left="6" top="1" width="1" height="1" />
<dark left="6" top="2" width="1" height="1" />
<dark left="6" top="3" width="1" height="1" />
<dark left="6" top="4" width="1" height="1" />
<dark left="7" top="1" width="1" height="1" />
<dark left="7" top="10" width="1" height="1" />
<dark left="8" top="10" width="1" height="1" />
<dark left="8" top="11" width="1" height="1" />
<dark left="8" top="12" width="1" height="1" />
<dark left="8" top="13" width="1" height="1" />
<dark left="9" top="10" width="1" height="1" />
<dark left="9" top="11" width="1" height="1" />
<dark left="9" top="12" width="1" height="1" />
<dark left="9" top="13" width="1" height="1" />
<dark left="10" top="2" width="1" height="1" />
<dark left="10" top="3" width="1" height="1" />
<dark left="10" top="4" width="1" height="1" />
<dark left="10" top="5" width="1" height="1" />
<dark left="10" top="6" width="1" height="1" />
<dark left="10" top="7" width="1" height="1" />
<dark left="10" top="8" width="1" height="1" />
<dark left="10" top="9" width="1" height="1" />
<dark left="10" top="10" width="1" height="1" />
<dark left="10" top="11" width="1" height="1" />
<dark left="10" top="12" width="1" height="1" />
<dark left="10" top="13" width="1" height="1" />
<dark left="11" top="2" width="1" height="1" />
<dark left="11" top="3" width="1" height="1" />
<dark left="11" top="4" width="1" height="1" />
<dark left="11" top="5" width="1" height="1" />
<dark left="11" top="6" width="1" height="1" />
<dark left="11" top="7" width="1" height="1" />
<dark left="11" top="8" width="1" height="1" />
<dark left="11" top="9" width="1" height="1" />
<dark left="11" top="10" width="1" height="1" />
<dark left="11" top="11" width="1" height="1" />
<dark left="11" top="12" width="1" height="1" />
<dark left="11" top="13" width="1" height="1" />
<dark left="12" top="2" width="1" height="1" />
<dark left="12" top="3" width="1" height="1" />
<dark left="12" top="4" width="1" height="1" />
<dark left="12" top="5" width="1" height="1" />
<dark left="12" top="6" width="1" height="1" />
<dark left="12" top="7" width="1" height="1" />
<dark left="12" top="8" width="1" height="1" />
<dark left="12" top="9" width="1" height="1" />
<dark left="12" top="10" width="1" height="1" />
<dark left="12" top="11" width="1" height="1" />
<dark left="12" top="12" width="1" height="1" />
<dark left="12" top="13" width="1" height="1" />
<dark left="13" top="3" width="1" height="1" />
<dark left="13" top="4" width="1" height="1" />
<dark left="13" top="5" width="1" height="1" />
<dark left="13" top="6" width="1" height="1" />
<dark left="13" top="7" width="1" height="1" />
<dark left="13" top="8" width="1" height="1" />
<dark left="13" top="9" width="1" height="1" />
<dark left="13" top="10" width="1" height="1" />
<dark left="13" top="11" width="1" height="1" />
<dark left="13" top="12" width="1" height="1" />
<dark left="13" top="13" width="1" height="1" />
<dark left="14" top="3" width="1" height="1" />
<dark left="14" top="4" width="1" height="1" />
<dark left="14" top="5" width="1" height="1" />
<dark left="14" top="6" width="1" height="1" />
<dark left="14" top="7" width="1" height="1" />
<dark left="14" top="8" width="1" height="1" />
<dark left="14" top="9" width="1" height="1" />
<dark left="14" top="10" width="1" height="1" />
<dark left="14" top="11" width="1" height="1" />
<dark left="14" top="12" width="1" height="1" />
<dark left="14" top="13" width="1" height="1" />
<dark left="15" top="2" width="1" height="1" />
<dark left="15" top="3" width="1" height="1" />
<dark left="15" top="4" width="1" height="1" />
<dark left="15" top="5" width="1" height="1" />
<dark left="15" top="6" width="1" height="1" />
<dark left="15" top="7" width="1" height="1" />
<dark left="15" top="8" width="1" height="1" />
<dark left="15" top="9" width="1" height="1" />
<dark left="15" top="10" width="1" height="1" />
<dark left="15" top="11" width="1" height="1" />
<dark left="15" top="12" width="1" height="1" />
<dark left="15" top="13" width="1" height="1" />
<dark left="16" top="2" width="1" height="1" />
<dark left="16" top="3" width="1" height="1" />
<dark left="16" top="4" width="1" height="1" />
<dark left="16" top="5" width="1" height="1" />
<dark left="16" top="6" width="1" height="1" />
<dark left="16" top="7" width="1" height="1" />
<dark left="16" top="8" width="1" height="1" />
<dark left="16" top="9" width="1" height="1" />
<dark left="16" top="10" width="1" height="1" />
<dark left="16" top="11" width="1" height="1" />
<dark left="16" top="12" width="1" height="1" />
<dark left="16" top="13" width="1" height="1" />
<dark left="17" top="2" width="1" height="1" />
<dark left="17" top="3" width="1" height="1" />
<dark left="17" top="4" width="1" height="1" />
<dark left="17" top="5" width="1" height="1" />
<dark left="17" top="6" width="1" height="1" />
<dark left="17" top="7" width="1" height="1" />
<dark left="17" top="8" width="1" height="1" />
<dark left="17" top="9" width="1" height="1" />
<dark left="17" top="10" width="1" height="1" />
<dark left="17" top="11" width="1" height="1" />
<dark left="17" top="12" width="1" height="1" />
<dark left="17" top="13" width="1" height="1" />
<dark left="18" top="2" width="1" height="1" />
<dark left="18" top="3" width="1" height="1" />
<dark left="18" top="4" width="1" height="1" />
<dark left="18" top="5" width="1" height="1" />
<dark left="18" top="6" width="1" height="1" />
<dark left="18" top="7" width="1" height="1" />
<dark left="18" top="8" width="1" height="1" />
<dark left="18" top="9" width="1" height="1" />
<dark left="18" top="10" width="1" height="1" />
<dark left="19" top="2" width="1" height="1" />
<dark left="19" top="3" width="1" height="1" />
<dark left="19" top="4" width="1" height="1" />
<dark left="19" top="5" width="1" height="1" />
<dark left="19" top="6" width="1" height="1" />
<dark left="19" top="7" width="1" height="1" />
<dark left="19" top="8" width="1" height="1" />
<dark left="19" top="9" width="1" height="1" />
<dark left="19" top="10" width="1" height="1" />
<dark left="20" top="2" width="1" height="1" />
<dark left="20" top="3" width="1" height="1" />
<dark left="20" top="4" width="1" height="1" />
<dark left="20" top="5" width="1" height="1" />
<dark left="20" top="6" width="1" height="1" />
<dark left="20" top="7" width="1" height="1" />
<dark left="20" top="8" width="1" height="1" />
<dark left="20" top="9" width="1" height="1" />
<dark left="20" top="10" width="1" height="1" />
<dark left="21" top="2" width="1" height="1" />
<dark left="21" top="3" width="1" height="1" />
<dark left="21" top="4" width="1" height="1" />
<dark left="21" top="5" width="1" height="1" />
<dark left="21" top="6" width="1" height="1" />
<dark left="21" top="7" width="1" height="1" />
<dark left="21" top="8" width="1" height="1" />
<dark left="21" top="9" width="1" height="1" />
<dark left="23" top="19" width="1" height="1" />
<dark left="24" top="19" width="1" height="1" />
<dark left="25" top="19" width="1" height="1" />
<dark left="26" top="7" width="1" height="1" />
<dark left="26" top="8" width="1" height="1" />
<dark left="26" top="9" width="1" height="1" />
<dark left="26" top="10" width="1" height="1" />
<dark left="26" top="11" width="1" height="1" />
<dark left="26" top="12" width="1" height="1" />
<dark left="26" top="13" width="1" height="1" />
<dark left="26" top="14" width="1" height="1" />
<dark left="26" top="15" width="1" height="1" />
<dark left="26" top="16" width="1" height="1" />
<dark left="26" top="17" width="1" height="1" />
<dark left="26" top="18" width="1" height="1" />
<dark left="26" top="19" width="1" height="1" />
<object id="Stairway" left="24.0" top="8.0" rotation="upward" zorder="-5.0" />
<object id="SecretDoor" left="22.0" top="9.0" rotation="upward" zorder="-5.0" />
<object id="SingleBlockedSquare" left="21.0" top="10.0" rotation="downward" zorder="-5.0" />
<object id="SingleBlockedSquare" left="25.0" top="10.0" rotation="downward" zorder="-5.0" />
<object id="TreasureChestTrap" left="23.0" top="14.0" rotation="upward" zorder="-5.0" />
<object id="SpearTrap" left="24.0" top="12.0" rotation="downward" zorder="-5.0" />
<object id="SpearTrap" left="23.0" top="12.0" rotation="downward" zorder="-5.0" />
<object id="SingleBlockedSquare" left="7.0" top="10.0" rotation="downward" zorder="-5.0" />
<object id="SecretDoor" left="6.0" top="10.0" rotation="downward" zorder="-5.0" />
<object id="DoubleBlockedSquare" left="13.0" top="2.0" rotation="downward" zorder="-5.0" />
<object id="DoubleBlockedSquare" left="7.0" top="2.0" rotation="rightward" zorder="-5.0" />
<object id="SingleBlockedSquare" left="7.0" top="4.0" rotation="downward" zorder="-5.0" />
<object id="SingleBlockedSquare" left="5.0" top="1.0" rotation="downward" zorder="-5.0" />
<object id="SingleBlockedSquare" left="8.0" top="1.0" rotation="downward" zorder="-5.0" />
<object id="SingleBlockedSquare" left="26.0" top="6.0" rotation="downward" zorder="-5.0" />
<object id="PitTrap" left="12.0" top="15.0" rotation="downward" zorder="-5.0" />
<object id="PitTrap" left="6.0" top="12.0" rotation="downward" zorder="-5.0" />
<object id="Table" left="7.0" top="14.0" rotation="rightward" zorder="-5.0" />
<object id="PitTrap" left="25.0" top="3.0" rotation="downward" zorder="-5.0" />
<object id="SpearTrap" left="14.0" top="1.0" rotation="downward" zorder="-5.0" />
<object id="SpearTrap" left="22.0" top="1.0" rotation="downward" zorder="-5.0" />
<object id="SpearTrap" left="26.0" top="4.0" rotation="downward" zorder="-5.0" />
<object id="Door" left="23.0" top="5.0" rotation="downward" zorder="-1.0" />
<object id="Door" left="24.0" top="10.0" rotation="downward" zorder="-1.0" />
<object id="Door" left="9.0" top="1.0" rotation="downward" zorder="-1.0" />
<object id="Door" left="8.0" top="4.0" rotation="downward" zorder="-1.0" />
<object id="Door" left="4.0" top="9.0" rotation="downward" zorder="-1.0" />
<object id="Door" left="25.0" top="3.0" rotation="rightward" zorder="-1.0" />
<object id="Orc" left="2.0" top="1.0" rotation="downward" zorder="0.0" />
<object id="Door" left="3.0" top="1.0" rotation="downward" zorder="0.0" />
<object id="Door" left="4.0" top="4.0" rotation="downward" zorder="0.0" />
<object id="Goblin" left="3.0" top="5.0" rotation="downward" zorder="0.0" />
<object id="Goblin" left="5.0" top="5.0" rotation="downward" zorder="0.0" />
<object id="Goblin" left="4.0" top="6.0" rotation="downward" zorder="0.0" />
<object id="Orc" left="6.0" top="11.0" rotation="downward" zorder="0.0" />
<object id="TreasureChest" left="7.0" top="11.0" rotation="leftward" zorder="0.0" />
<object id="Door" left="5.0" top="12.0" rotation="rightward" zorder="0.0" />
<object id="TreasureChest" left="7.0" top="13.0" rotation="leftward" zorder="0.0" />
<object id="Orc" left="19.0" top="13.0" rotation="downward" zorder="0.0" />
<object id="Orc" left="20.0" top="13.0" rotation="downward" zorder="0.0" />
<object id="Orc" left="21.0" top="13.0" rotation="downward" zorder="0.0" />
<object id="Door" left="3.0" top="14.0" rotation="downward" zorder="0.0" />
<object id="DoubleBlockedSquare" left="13.0" top="14.0" rotation="downward" zorder="0.0" />
<object id="Door" left="20.0" top="14.0" rotation="downward" zorder="0.0" />
<object id="Goblin" left="11.0" top="15.0" rotation="downward" zorder="0.0" />
<object id="Door" left="12.0" top="15.0" rotation="rightward" zorder="0.0" />
<object id="Orc" left="14.0" top="15.0" rotation="downward" zorder="0.0" />
<object id="Fireplace" left="2.0" top="16.0" rotation="rightward" zorder="0.0" />
<object id="Door" left="5.0" top="16.0" rotation="rightward" zorder="0.0" />
<object id="Door" left="9.0" top="16.0" rotation="rightward" zorder="0.0" />
<object id="ChaosWarrior" left="10.0" top="16.0" rotation="downward" zorder="0.0" />
<object id="Goblin" left="11.0" top="16.0" rotation="downward" zorder="0.0" />
<object id="Goblin" left="18.0" top="16.0" rotation="downward" zorder="0.0" />
<object id="Goblin" left="22.0" top="16.0" rotation="downward" zorder="0.0" />
<object id="Orc" left="17.0" top="17.0" rotation="downward" zorder="0.0" />
<object id="Door" left="18.0" top="17.0" rotation="rightward" zorder="0.0" />
<object id="LetterA" left="20.0" top="17.0" rotation="downward" zorder="0.0" />
<object id="Door" left="21.0" top="17.0" rotation="rightward" zorder="0.0" />
<object id="Orc" left="23.0" top="17.0" rotation="downward" zorder="0.0" />
<object id="Goblin" left="18.0" top="18.0" rotation="downward" zorder="0.0" />
<object id="Goblin" left="22.0" top="18.0" rotation="downward" zorder="0.0" />
<object id="SecretDoor" left="20.0" top="19.0" rotation="downward" zorder="0.0" />
<object id="SingleBlockedSquare" left="22.0" top="19.0" rotation="downward" zorder="0.0" />
<object id="ChaosWarrior" left="23.0" top="13.0" rotation="downward" zorder="0.0" />
<object id="Goblin" left="4.0" top="10.0" rotation="downward" zorder="0.0" />
<object id="Goblin" left="8.0" top="7.0" rotation="downward" zorder="0.0" />
<object id="Orc" left="7.0" top="6.0" rotation="downward" zorder="0.0" />
<object id="Fimir" left="23.0" top="9.0" rotation="downward" zorder="0.0" />
<object id="Goblin" left="22.0" top="8.0" rotation="downward" zorder="0.0" />
<object id="Orc" left="7.0" top="12.0" rotation="downward" zorder="0.0" />
<object id="Fimir" left="8.0" top="17.0" rotation="downward" zorder="0.0" />
<object id="Fimir" left="6.0" top="16.0" rotation="downward" zorder="0.0" />
<object id="Goblin" left="3.0" top="18.0" rotation="downward" zorder="0.0" />
<object id="Goblin" left="11.0" top="1.0" rotation="downward" zorder="0.0" />
<object id="Goblin" left="25.0" top="1.0" rotation="downward" zorder="0.0" />
<object id="Goblin" left="26.0" top="2.0" rotation="downward" zorder="0.0" />
<object id="Goblin" left="26.0" top="5.0" rotation="downward" zorder="0.0" />
<object id="LetterC" left="22.0" top="14.0" rotation="downward" zorder="5.0" />
<object id="LetterB" left="6.0" top="13.0" rotation="downward" zorder="5.0" />
</board>
<speech></speech>
</quest>
