<?xml version="1.0"?>
<!DOCTYPE quest PUBLIC
"-//org.lightless//HeroScribe Quest 1.4//EN"
"http://lightless.org/files/xml/quest-1.4.dtd">

<quest name="The Rescue of Sir Ragnar" region="USA" version="1.0" width="1" height="1">
<board>
<dark left="1" top="1" width="1" height="1" />
<dark left="1" top="2" width="1" height="1" />
<dark left="1" top="3" width="1" height="1" />
<dark left="1" top="4" width="1" height="1" />
<dark left="1" top="5" width="1" height="1" />
<dark left="1" top="6" width="1" height="1" />
<dark left="1" top="7" width="1" height="1" />
<dark left="1" top="8" width="1" height="1" />
<dark left="1" top="9" width="1" height="1" />
<dark left="1" top="10" width="1" height="1" />
<dark left="1" top="11" width="1" height="1" />
<dark left="1" top="12" width="1" height="1" />
<dark left="1" top="13" width="1" height="1" />
<dark left="1" top="14" width="1" height="1" />
<dark left="1" top="15" width="1" height="1" />
<dark left="1" top="16" width="1" height="1" />
<dark left="1" top="17" width="1" height="1" />
<dark left="1" top="18" width="1" height="1" />
<dark left="1" top="19" width="1" height="1" />
<dark left="2" top="1" width="1" height="1" />
<dark left="2" top="2" width="1" height="1" />
<dark left="2" top="3" width="1" height="1" />
<dark left="2" top="4" width="1" height="1" />
<dark left="2" top="11" width="1" height="1" />
<dark left="2" top="12" width="1" height="1" />
<dark left="2" top="13" width="1" height="1" />
<dark left="2" top="14" width="1" height="1" />
<dark left="2" top="15" width="1" height="1" />
<dark left="2" top="16" width="1" height="1" />
<dark left="2" top="17" width="1" height="1" />
<dark left="2" top="18" width="1" height="1" />
<dark left="2" top="19" width="1" height="1" />
<dark left="3" top="1" width="1" height="1" />
<dark left="3" top="2" width="1" height="1" />
<dark left="3" top="3" width="1" height="1" />
<dark left="3" top="4" width="1" height="1" />
<dark left="3" top="11" width="1" height="1" />
<dark left="3" top="12" width="1" height="1" />
<dark left="3" top="13" width="1" height="1" />
<dark left="3" top="14" width="1" height="1" />
<dark left="3" top="15" width="1" height="1" />
<dark left="3" top="16" width="1" height="1" />
<dark left="3" top="17" width="1" height="1" />
<dark left="3" top="18" width="1" height="1" />
<dark left="3" top="19" width="1" height="1" />
<dark left="4" top="1" width="1" height="1" />
<dark left="4" top="2" width="1" height="1" />
<dark left="4" top="3" width="1" height="1" />
<dark left="4" top="4" width="1" height="1" />
<dark left="4" top="11" width="1" height="1" />
<dark left="4" top="12" width="1" height="1" />
<dark left="4" top="13" width="1" height="1" />
<dark left="4" top="14" width="1" height="1" />
<dark left="4" top="15" width="1" height="1" />
<dark left="4" top="16" width="1" height="1" />
<dark left="4" top="17" width="1" height="1" />
<dark left="4" top="18" width="1" height="1" />
<dark left="4" top="19" width="1" height="1" />
<dark left="5" top="1" width="1" height="1" />
<dark left="5" top="2" width="1" height="1" />
<dark left="5" top="3" width="1" height="1" />
<dark left="5" top="4" width="1" height="1" />
<dark left="5" top="11" width="1" height="1" />
<dark left="5" top="12" width="1" height="1" />
<dark left="5" top="13" width="1" height="1" />
<dark left="5" top="14" width="1" height="1" />
<dark left="5" top="15" width="1" height="1" />
<dark left="5" top="16" width="1" height="1" />
<dark left="5" top="17" width="1" height="1" />
<dark left="5" top="18" width="1" height="1" />
<dark left="5" top="19" width="1" height="1" />
<dark left="6" top="1" width="1" height="1" />
<dark left="6" top="2" width="1" height="1" />
<dark left="6" top="3" width="1" height="1" />
<dark left="6" top="4" width="1" height="1" />
<dark left="6" top="5" width="1" height="1" />
<dark left="6" top="6" width="1" height="1" />
<dark left="6" top="7" width="1" height="1" />
<dark left="6" top="8" width="1" height="1" />
<dark left="6" top="9" width="1" height="1" />
<dark left="6" top="11" width="1" height="1" />
<dark left="6" top="12" width="1" height="1" />
<dark left="6" top="13" width="1" height="1" />
<dark left="6" top="14" width="1" height="1" />
<dark left="6" top="15" width="1" height="1" />
<dark left="6" top="16" width="1" height="1" />
<dark left="6" top="17" width="1" height="1" />
<dark left="6" top="18" width="1" height="1" />
<dark left="6" top="19" width="1" height="1" />
<dark left="7" top="1" width="1" height="1" />
<dark left="7" top="2" width="1" height="1" />
<dark left="7" top="3" width="1" height="1" />
<dark left="7" top="4" width="1" height="1" />
<dark left="7" top="5" width="1" height="1" />
<dark left="7" top="6" width="1" height="1" />
<dark left="7" top="7" width="1" height="1" />
<dark left="7" top="8" width="1" height="1" />
<dark left="7" top="9" width="1" height="1" />
<dark left="7" top="11" width="1" height="1" />
<dark left="7" top="12" width="1" height="1" />
<dark left="7" top="13" width="1" height="1" />
<dark left="7" top="14" width="1" height="1" />
<dark left="7" top="15" width="1" height="1" />
<dark left="7" top="16" width="1" height="1" />
<dark left="7" top="17" width="1" height="1" />
<dark left="7" top="18" width="1" height="1" />
<dark left="7" top="19" width="1" height="1" />
<dark left="8" top="1" width="1" height="1" />
<dark left="8" top="2" width="1" height="1" />
<dark left="8" top="3" width="1" height="1" />
<dark left="8" top="4" width="1" height="1" />
<dark left="8" top="5" width="1" height="1" />
<dark left="8" top="6" width="1" height="1" />
<dark left="8" top="7" width="1" height="1" />
<dark left="8" top="8" width="1" height="1" />
<dark left="8" top="9" width="1" height="1" />
<dark left="8" top="11" width="1" height="1" />
<dark left="8" top="12" width="1" height="1" />
<dark left="8" top="13" width="1" height="1" />
<dark left="8" top="14" width="1" height="1" />
<dark left="8" top="15" width="1" height="1" />
<dark left="8" top="16" width="1" height="1" />
<dark left="8" top="17" width="1" height="1" />
<dark left="8" top="18" width="1" height="1" />
<dark left="8" top="19" width="1" height="1" />
<dark left="9" top="1" width="1" height="1" />
<dark left="9" top="2" width="1" height="1" />
<dark left="9" top="3" width="1" height="1" />
<dark left="9" top="4" width="1" height="1" />
<dark left="9" top="5" width="1" height="1" />
<dark left="9" top="6" width="1" height="1" />
<dark left="9" top="7" width="1" height="1" />
<dark left="9" top="8" width="1" height="1" />
<dark left="9" top="9" width="1" height="1" />
<dark left="9" top="11" width="1" height="1" />
<dark left="9" top="12" width="1" height="1" />
<dark left="9" top="13" width="1" height="1" />
<dark left="9" top="14" width="1" height="1" />
<dark left="9" top="15" width="1" height="1" />
<dark left="9" top="16" width="1" height="1" />
<dark left="9" top="17" width="1" height="1" />
<dark left="9" top="18" width="1" height="1" />
<dark left="9" top="19" width="1" height="1" />
<dark left="10" top="1" width="1" height="1" />
<dark left="10" top="2" width="1" height="1" />
<dark left="10" top="3" width="1" height="1" />
<dark left="10" top="4" width="1" height="1" />
<dark left="10" top="5" width="1" height="1" />
<dark left="10" top="6" width="1" height="1" />
<dark left="10" top="14" width="1" height="1" />
<dark left="10" top="15" width="1" height="1" />
<dark left="10" top="16" width="1" height="1" />
<dark left="10" top="17" width="1" height="1" />
<dark left="10" top="18" width="1" height="1" />
<dark left="11" top="1" width="1" height="1" />
<dark left="11" top="2" width="1" height="1" />
<dark left="11" top="3" width="1" height="1" />
<dark left="11" top="4" width="1" height="1" />
<dark left="11" top="5" width="1" height="1" />
<dark left="11" top="6" width="1" height="1" />
<dark left="11" top="14" width="1" height="1" />
<dark left="11" top="15" width="1" height="1" />
<dark left="11" top="16" width="1" height="1" />
<dark left="11" top="17" width="1" height="1" />
<dark left="11" top="18" width="1" height="1" />
<dark left="12" top="1" width="1" height="1" />
<dark left="12" top="2" width="1" height="1" />
<dark left="12" top="3" width="1" height="1" />
<dark left="12" top="4" width="1" height="1" />
<dark left="12" top="5" width="1" height="1" />
<dark left="12" top="6" width="1" height="1" />
<dark left="12" top="14" width="1" height="1" />
<dark left="12" top="15" width="1" height="1" />
<dark left="12" top="16" width="1" height="1" />
<dark left="12" top="17" width="1" height="1" />
<dark left="12" top="18" width="1" height="1" />
<dark left="13" top="1" width="1" height="1" />
<dark left="13" top="2" width="1" height="1" />
<dark left="13" top="3" width="1" height="1" />
<dark left="13" top="4" width="1" height="1" />
<dark left="13" top="5" width="1" height="1" />
<dark left="14" top="1" width="1" height="1" />
<dark left="14" top="2" width="1" height="1" />
<dark left="14" top="3" width="1" height="1" />
<dark left="14" top="4" width="1" height="1" />
<dark left="14" top="5" width="1" height="1" />
<dark left="15" top="1" width="1" height="1" />
<dark left="15" top="14" width="1" height="1" />
<dark left="15" top="15" width="1" height="1" />
<dark left="15" top="16" width="1" height="1" />
<dark left="15" top="17" width="1" height="1" />
<dark left="15" top="18" width="1" height="1" />
<dark left="16" top="1" width="1" height="1" />
<dark left="16" top="14" width="1" height="1" />
<dark left="16" top="15" width="1" height="1" />
<dark left="16" top="16" width="1" height="1" />
<dark left="16" top="17" width="1" height="1" />
<dark left="16" top="18" width="1" height="1" />
<dark left="17" top="1" width="1" height="1" />
<dark left="17" top="14" width="1" height="1" />
<dark left="17" top="15" width="1" height="1" />
<dark left="17" top="16" width="1" height="1" />
<dark left="17" top="17" width="1" height="1" />
<dark left="17" top="18" width="1" height="1" />
<dark left="18" top="1" width="1" height="1" />
<dark left="18" top="14" width="1" height="1" />
<dark left="18" top="15" width="1" height="1" />
<dark left="18" top="16" width="1" height="1" />
<dark left="18" top="17" width="1" height="1" />
<dark left="18" top="18" width="1" height="1" />
<dark left="19" top="1" width="1" height="1" />
<dark left="19" top="18" width="1" height="1" />
<dark left="20" top="1" width="1" height="1" />
<dark left="20" top="18" width="1" height="1" />
<dark left="21" top="1" width="1" height="1" />
<dark left="21" top="18" width="1" height="1" />
<dark left="22" top="1" width="1" height="1" />
<dark left="22" top="2" width="1" height="1" />
<dark left="22" top="3" width="1" height="1" />
<dark left="22" top="4" width="1" height="1" />
<dark left="22" top="5" width="1" height="1" />
<dark left="23" top="1" width="1" height="1" />
<dark left="23" top="2" width="1" height="1" />
<dark left="23" top="3" width="1" height="1" />
<dark left="23" top="4" width="1" height="1" />
<dark left="23" top="5" width="1" height="1" />
<dark left="24" top="1" width="1" height="1" />
<dark left="24" top="2" width="1" height="1" />
<dark left="24" top="3" width="1" height="1" />
<dark left="24" top="4" width="1" height="1" />
<dark left="24" top="5" width="1" height="1" />
<dark left="25" top="1" width="1" height="1" />
<dark left="25" top="2" width="1" height="1" />
<dark left="25" top="3" width="1" height="1" />
<dark left="25" top="4" width="1" height="1" />
<dark left="25" top="5" width="1" height="1" />
<dark left="26" top="1" width="1" height="1" />
<dark left="26" top="2" width="1" height="1" />
<dark left="26" top="3" width="1" height="1" />
<dark left="26" top="4" width="1" height="1" />
<dark left="26" top="5" width="1" height="1" />
<dark left="26" top="6" width="1" height="1" />
<dark left="26" top="7" width="1" height="1" />
<dark left="26" top="8" width="1" height="1" />
<dark left="26" top="9" width="1" height="1" />
<dark left="26" top="10" width="1" height="1" />
<dark left="26" top="11" width="1" height="1" />
<dark left="26" top="12" width="1" height="1" />
<dark left="26" top="13" width="1" height="1" />
<dark left="26" top="14" width="1" height="1" />
<dark left="26" top="15" width="1" height="1" />
<dark left="26" top="16" width="1" height="1" />
<dark left="26" top="17" width="1" height="1" />
<dark left="26" top="18" width="1" height="1" />
<dark left="26" top="19" width="1" height="1" />
<object id="SingleBlockedSquare" left="25.0" top="19.0" rotation="downward" zorder="-5.0" />
<object id="SingleBlockedSquare" left="19.0" top="17.0" rotation="downward" zorder="-5.0" />
<object id="DoubleBlockedSquare" left="20.0" top="17.0" rotation="downward" zorder="-5.0" />
<object id="SecretDoor" left="22.0" top="11.0" rotation="rightward" zorder="-5.0" />
<object id="Table" left="22.0" top="16.0" rotation="downward" zorder="-5.0" />
<object id="Bookcase" left="23.0" top="11.0" rotation="downward" zorder="-5.0" />
<object id="TreasureChestTrap" left="3.0" top="5.0" rotation="downward" zorder="-5.0" />
<object id="Door" left="3.0" top="9.0" rotation="downward" zorder="-1.0" />
<object id="Door" left="23.0" top="18.0" rotation="upward" zorder="-1.0" />
<object id="Door" left="20.0" top="14.0" rotation="upward" zorder="-1.0" />
<object id="Door" left="23.0" top="14.0" rotation="downward" zorder="-1.0" />
<object id="Table" left="19.0" top="2.0" rotation="downward" zorder="0.0" />
<object id="Orc" left="16.0" top="4.0" rotation="downward" zorder="0.0" />
<object id="Door" left="17.0" top="4.0" rotation="rightward" zorder="0.0" />
<object id="Orc" left="20.0" top="4.0" rotation="downward" zorder="0.0" />
<object id="Orc" left="17.0" top="5.0" rotation="downward" zorder="0.0" />
<object id="Goblin" left="19.0" top="5.0" rotation="downward" zorder="0.0" />
<object id="Door" left="20.0" top="5.0" rotation="downward" zorder="0.0" />
<object id="DoubleBlockedSquare" left="13.0" top="6.0" rotation="downward" zorder="0.0" />
<object id="Door" left="16.0" top="6.0" rotation="downward" zorder="0.0" />
<object id="Goblin" left="17.0" top="7.0" rotation="downward" zorder="0.0" />
<object id="Cupboard" left="18.0" top="7.0" rotation="leftward" zorder="0.0" />
<object id="Door" left="21.0" top="7.0" rotation="rightward" zorder="0.0" />
<object id="Orc" left="24.0" top="7.0" rotation="downward" zorder="0.0" />
<object id="Stairway" left="11.0" top="8.0" rotation="rightward" zorder="0.0" />
<object id="Goblin" left="19.0" top="8.0" rotation="downward" zorder="0.0" />
<object id="Orc" left="20.0" top="8.0" rotation="downward" zorder="0.0" />
<object id="Goblin" left="21.0" top="8.0" rotation="downward" zorder="0.0" />
<object id="Orc" left="25.0" top="8.0" rotation="downward" zorder="0.0" />
<object id="TreasureChest" left="20.0" top="9.0" rotation="upward" zorder="0.0" />
<object id="LetterB" left="21.0" top="9.0" rotation="downward" zorder="0.0" />
<object id="Door" left="24.0" top="9.0" rotation="downward" zorder="0.0" />
<object id="SingleBlockedSquare" left="2.0" top="10.0" rotation="downward" zorder="0.0" />
<object id="Goblin" left="4.0" top="10.0" rotation="downward" zorder="0.0" />
<object id="Rack" left="15.0" top="10.0" rotation="upward" zorder="0.0" />
<object id="Goblin" left="24.0" top="10.0" rotation="downward" zorder="0.0" />
<object id="SingleBlockedSquare" left="25.0" top="10.0" rotation="downward" zorder="0.0" />
<object id="Door" left="11.0" top="12.0" rotation="downward" zorder="0.0" />
<object id="Goblin" left="17.0" top="13.0" rotation="downward" zorder="0.0" />
<object id="SingleBlockedSquare" left="10.0" top="19.0" rotation="downward" zorder="0.0" />
<object id="Goblin" left="11.0" top="19.0" rotation="downward" zorder="0.0" />
<object id="Orc" left="23.0" top="13.0" rotation="downward" zorder="0.0" />
<object id="Orc" left="24.0" top="14.0" rotation="downward" zorder="0.0" />
<object id="Orc" left="25.0" top="16.0" rotation="downward" zorder="0.0" />
<object id="Orc" left="21.0" top="12.0" rotation="downward" zorder="0.0" />
<object id="Fimir" left="20.0" top="11.0" rotation="downward" zorder="0.0" />
<object id="Goblin" left="3.0" top="6.0" rotation="downward" zorder="0.0" />
<object id="Goblin" left="19.0" top="19.0" rotation="downward" zorder="0.0" />
<object id="LetterX" left="20.0" top="16.0" rotation="downward" zorder="5.0" />
<object id="LetterA" left="4.0" top="5.0" rotation="downward" zorder="5.0" />
</board>
<speech></speech>
</quest>
