<?xml version="1.0"?>
<!DOCTYPE quest PUBLIC
"-//org.lightless//HeroScribe Quest 1.4//EN"
"http://lightless.org/files/xml/quest-1.4.dtd">

<quest name="Legacy of the Orc Warlord" region="USA" version="1.0" width="1" height="1">
<board>
<dark left="2" top="5" width="1" height="1" />
<dark left="2" top="6" width="1" height="1" />
<dark left="2" top="7" width="1" height="1" />
<dark left="2" top="8" width="1" height="1" />
<dark left="2" top="9" width="1" height="1" />
<dark left="2" top="11" width="1" height="1" />
<dark left="2" top="12" width="1" height="1" />
<dark left="2" top="13" width="1" height="1" />
<dark left="2" top="14" width="1" height="1" />
<dark left="3" top="5" width="1" height="1" />
<dark left="3" top="6" width="1" height="1" />
<dark left="3" top="7" width="1" height="1" />
<dark left="3" top="8" width="1" height="1" />
<dark left="3" top="9" width="1" height="1" />
<dark left="3" top="11" width="1" height="1" />
<dark left="3" top="12" width="1" height="1" />
<dark left="3" top="13" width="1" height="1" />
<dark left="3" top="14" width="1" height="1" />
<dark left="4" top="5" width="1" height="1" />
<dark left="4" top="6" width="1" height="1" />
<dark left="4" top="7" width="1" height="1" />
<dark left="4" top="8" width="1" height="1" />
<dark left="4" top="9" width="1" height="1" />
<dark left="4" top="11" width="1" height="1" />
<dark left="4" top="12" width="1" height="1" />
<dark left="4" top="13" width="1" height="1" />
<dark left="4" top="14" width="1" height="1" />
<dark left="5" top="5" width="1" height="1" />
<dark left="5" top="6" width="1" height="1" />
<dark left="5" top="7" width="1" height="1" />
<dark left="5" top="8" width="1" height="1" />
<dark left="5" top="9" width="1" height="1" />
<dark left="5" top="11" width="1" height="1" />
<dark left="5" top="12" width="1" height="1" />
<dark left="5" top="13" width="1" height="1" />
<dark left="5" top="14" width="1" height="1" />
<dark left="6" top="14" width="1" height="1" />
<dark left="6" top="15" width="1" height="1" />
<dark left="6" top="16" width="1" height="1" />
<dark left="6" top="17" width="1" height="1" />
<dark left="6" top="18" width="1" height="1" />
<dark left="7" top="14" width="1" height="1" />
<dark left="7" top="15" width="1" height="1" />
<dark left="7" top="16" width="1" height="1" />
<dark left="7" top="17" width="1" height="1" />
<dark left="7" top="18" width="1" height="1" />
<dark left="8" top="11" width="1" height="1" />
<dark left="8" top="12" width="1" height="1" />
<dark left="8" top="13" width="1" height="1" />
<dark left="8" top="14" width="1" height="1" />
<dark left="8" top="15" width="1" height="1" />
<dark left="8" top="16" width="1" height="1" />
<dark left="8" top="17" width="1" height="1" />
<dark left="8" top="18" width="1" height="1" />
<dark left="9" top="11" width="1" height="1" />
<dark left="9" top="12" width="1" height="1" />
<dark left="9" top="13" width="1" height="1" />
<dark left="9" top="14" width="1" height="1" />
<dark left="9" top="15" width="1" height="1" />
<dark left="9" top="16" width="1" height="1" />
<dark left="9" top="17" width="1" height="1" />
<dark left="9" top="18" width="1" height="1" />
<dark left="11" top="8" width="1" height="1" />
<dark left="11" top="9" width="1" height="1" />
<dark left="11" top="10" width="1" height="1" />
<dark left="11" top="11" width="1" height="1" />
<dark left="11" top="12" width="1" height="1" />
<dark left="12" top="8" width="1" height="1" />
<dark left="12" top="9" width="1" height="1" />
<dark left="12" top="10" width="1" height="1" />
<dark left="12" top="11" width="1" height="1" />
<dark left="12" top="12" width="1" height="1" />
<dark left="13" top="8" width="1" height="1" />
<dark left="13" top="9" width="1" height="1" />
<dark left="13" top="10" width="1" height="1" />
<dark left="13" top="11" width="1" height="1" />
<dark left="13" top="12" width="1" height="1" />
<dark left="14" top="8" width="1" height="1" />
<dark left="14" top="9" width="1" height="1" />
<dark left="14" top="10" width="1" height="1" />
<dark left="14" top="11" width="1" height="1" />
<dark left="14" top="12" width="1" height="1" />
<dark left="15" top="2" width="1" height="1" />
<dark left="15" top="3" width="1" height="1" />
<dark left="15" top="4" width="1" height="1" />
<dark left="15" top="5" width="1" height="1" />
<dark left="15" top="6" width="1" height="1" />
<dark left="15" top="8" width="1" height="1" />
<dark left="15" top="9" width="1" height="1" />
<dark left="15" top="10" width="1" height="1" />
<dark left="15" top="11" width="1" height="1" />
<dark left="15" top="12" width="1" height="1" />
<dark left="16" top="2" width="1" height="1" />
<dark left="16" top="3" width="1" height="1" />
<dark left="16" top="4" width="1" height="1" />
<dark left="16" top="5" width="1" height="1" />
<dark left="16" top="6" width="1" height="1" />
<dark left="16" top="8" width="1" height="1" />
<dark left="16" top="9" width="1" height="1" />
<dark left="16" top="10" width="1" height="1" />
<dark left="16" top="11" width="1" height="1" />
<dark left="16" top="12" width="1" height="1" />
<dark left="17" top="2" width="1" height="1" />
<dark left="17" top="3" width="1" height="1" />
<dark left="17" top="4" width="1" height="1" />
<dark left="17" top="5" width="1" height="1" />
<dark left="17" top="6" width="1" height="1" />
<dark left="18" top="2" width="1" height="1" />
<dark left="18" top="3" width="1" height="1" />
<dark left="18" top="4" width="1" height="1" />
<dark left="18" top="5" width="1" height="1" />
<dark left="18" top="6" width="1" height="1" />
<dark left="18" top="7" width="1" height="1" />
<dark left="18" top="8" width="1" height="1" />
<dark left="18" top="9" width="1" height="1" />
<dark left="19" top="2" width="1" height="1" />
<dark left="19" top="3" width="1" height="1" />
<dark left="19" top="4" width="1" height="1" />
<dark left="19" top="5" width="1" height="1" />
<dark left="19" top="6" width="1" height="1" />
<dark left="19" top="7" width="1" height="1" />
<dark left="19" top="8" width="1" height="1" />
<dark left="19" top="9" width="1" height="1" />
<dark left="20" top="2" width="1" height="1" />
<dark left="20" top="3" width="1" height="1" />
<dark left="20" top="4" width="1" height="1" />
<dark left="20" top="5" width="1" height="1" />
<dark left="20" top="6" width="1" height="1" />
<dark left="20" top="7" width="1" height="1" />
<dark left="20" top="8" width="1" height="1" />
<dark left="20" top="9" width="1" height="1" />
<dark left="21" top="2" width="1" height="1" />
<dark left="21" top="3" width="1" height="1" />
<dark left="21" top="4" width="1" height="1" />
<dark left="21" top="5" width="1" height="1" />
<dark left="21" top="6" width="1" height="1" />
<dark left="21" top="7" width="1" height="1" />
<dark left="21" top="8" width="1" height="1" />
<dark left="21" top="9" width="1" height="1" />
<dark left="22" top="2" width="1" height="1" />
<dark left="22" top="3" width="1" height="1" />
<dark left="22" top="4" width="1" height="1" />
<dark left="22" top="5" width="1" height="1" />
<dark left="22" top="11" width="1" height="1" />
<dark left="22" top="12" width="1" height="1" />
<dark left="22" top="13" width="1" height="1" />
<dark left="22" top="14" width="1" height="1" />
<dark left="22" top="15" width="1" height="1" />
<dark left="22" top="16" width="1" height="1" />
<dark left="22" top="17" width="1" height="1" />
<dark left="22" top="18" width="1" height="1" />
<dark left="23" top="2" width="1" height="1" />
<dark left="23" top="3" width="1" height="1" />
<dark left="23" top="4" width="1" height="1" />
<dark left="23" top="5" width="1" height="1" />
<dark left="23" top="11" width="1" height="1" />
<dark left="23" top="12" width="1" height="1" />
<dark left="23" top="13" width="1" height="1" />
<dark left="23" top="14" width="1" height="1" />
<dark left="23" top="15" width="1" height="1" />
<dark left="23" top="16" width="1" height="1" />
<dark left="23" top="17" width="1" height="1" />
<dark left="23" top="18" width="1" height="1" />
<dark left="24" top="2" width="1" height="1" />
<dark left="24" top="3" width="1" height="1" />
<dark left="24" top="4" width="1" height="1" />
<dark left="24" top="5" width="1" height="1" />
<dark left="24" top="11" width="1" height="1" />
<dark left="24" top="12" width="1" height="1" />
<dark left="24" top="13" width="1" height="1" />
<dark left="24" top="14" width="1" height="1" />
<dark left="24" top="15" width="1" height="1" />
<dark left="24" top="16" width="1" height="1" />
<dark left="24" top="17" width="1" height="1" />
<dark left="24" top="18" width="1" height="1" />
<dark left="25" top="2" width="1" height="1" />
<dark left="25" top="3" width="1" height="1" />
<dark left="25" top="4" width="1" height="1" />
<dark left="25" top="5" width="1" height="1" />
<dark left="25" top="11" width="1" height="1" />
<dark left="25" top="12" width="1" height="1" />
<dark left="25" top="13" width="1" height="1" />
<dark left="25" top="14" width="1" height="1" />
<dark left="25" top="15" width="1" height="1" />
<dark left="25" top="16" width="1" height="1" />
<dark left="25" top="17" width="1" height="1" />
<dark left="25" top="18" width="1" height="1" />
<object id="Fireplace" left="5.0" top="2.0" rotation="leftward" zorder="-5.0" />
<object id="Cupboard" left="2.0" top="15.0" rotation="downward" zorder="-5.0" />
<object id="WeaponsRack" left="5.0" top="16.0" rotation="leftward" zorder="-5.0" />
<object id="SingleBlockedSquare" left="5.0" top="19.0" rotation="downward" zorder="-5.0" />
<object id="SpearTrap" left="1.0" top="11.0" rotation="downward" zorder="-5.0" />
<object id="SpearTrap" left="4.0" top="10.0" rotation="downward" zorder="-5.0" />
<object id="SpearTrap" left="8.0" top="10.0" rotation="downward" zorder="-5.0" />
<object id="SpearTrap" left="21.0" top="10.0" rotation="downward" zorder="-5.0" />
<object id="PitTrap" left="20.0" top="18.0" rotation="downward" zorder="-5.0" />
<object id="PitTrap" left="11.0" top="18.0" rotation="downward" zorder="-5.0" />
<object id="DoubleBlockedSquare" left="13.0" top="18.0" rotation="downward" zorder="-5.0" />
<object id="SingleBlockedSquare" left="14.0" top="15.0" rotation="downward" zorder="-5.0" />
<object id="Table" left="16.0" top="15.0" rotation="rightward" zorder="-5.0" />
<object id="Rack" left="22.0" top="6.0" rotation="rightward" zorder="-5.0" />
<object id="SingleBlockedSquare" left="12.0" top="7.0" rotation="downward" zorder="-5.0" />
<object id="Stairway" left="8.0" top="8.0" rotation="leftward" zorder="-5.0" />
<object id="PitTrap" left="12.0" top="4.0" rotation="downward" zorder="-5.0" />
<object id="PitTrap" left="9.0" top="2.0" rotation="downward" zorder="-5.0" />
<object id="SpearTrap" left="13.0" top="5.0" rotation="downward" zorder="-5.0" />
<object id="FallingRock" left="14.0" top="4.0" rotation="downward" zorder="-5.0" />
<object id="Bookcase" left="19.0" top="14.0" rotation="downward" zorder="-5.0" />
<object id="Door" left="1.0" top="3.0" rotation="rightward" zorder="-1.0" />
<object id="Door" left="14.0" top="16.0" rotation="rightward" zorder="-1.0" />
<object id="Door" left="25.0" top="8.0" rotation="rightward" zorder="-1.0" />
<object id="Door" left="7.0" top="4.0" rotation="downward" zorder="-1.0" />
<object id="Door" left="12.0" top="4.0" rotation="rightward" zorder="-1.0" />
<object id="Door" left="9.0" top="2.0" rotation="rightward" zorder="-1.0" />
<object id="Door" left="21.0" top="10.0" rotation="downward" zorder="-1.0" />
<object id="Door" left="18.0" top="13.0" rotation="downward" zorder="-1.0" />
<object id="DoubleBlockedSquare" left="13.0" top="2.0" rotation="downward" zorder="0.0" />
<object id="Orc" left="26.0" top="2.0" rotation="downward" zorder="0.0" />
<object id="Door" left="6.0" top="10.0" rotation="downward" zorder="0.0" />
<object id="Goblin" left="18.0" top="10.0" rotation="downward" zorder="0.0" />
<object id="Goblin" left="25.0" top="10.0" rotation="downward" zorder="0.0" />
<object id="SingleBlockedSquare" left="17.0" top="11.0" rotation="downward" zorder="0.0" />
<object id="Fimir" left="13.0" top="13.0" rotation="downward" zorder="0.0" />
<object id="PitTrap" left="17.0" top="13.0" rotation="downward" zorder="0.0" />
<object id="Table" left="19.0" top="15.0" rotation="downward" zorder="0.0" />
<object id="Goblin" left="11.0" top="17.0" rotation="downward" zorder="0.0" />
<object id="Door" left="11.0" top="18.0" rotation="downward" zorder="0.0" />
<object id="Door" left="20.0" top="18.0" rotation="downward" zorder="0.0" />
<object id="PitTrap" left="1.0" top="19.0" rotation="downward" zorder="0.0" />
<object id="Goblin" left="6.0" top="19.0" rotation="downward" zorder="0.0" />
<object id="PitTrap" left="9.0" top="19.0" rotation="downward" zorder="0.0" />
<object id="Orc" left="20.0" top="19.0" rotation="downward" zorder="0.0" />
<object id="Goblin" left="25.0" top="19.0" rotation="downward" zorder="0.0" />
<object id="Goblin" left="3.0" top="17.0" rotation="downward" zorder="0.0" />
<object id="Orc" left="3.0" top="3.0" rotation="downward" zorder="0.0" />
<object id="Orc" left="15.0" top="15.0" rotation="downward" zorder="0.0" />
<object id="Orc" left="18.0" top="15.0" rotation="downward" zorder="0.0" />
<object id="Orc" left="18.0" top="17.0" rotation="downward" zorder="0.0" />
<object id="Orc" left="15.0" top="17.0" rotation="downward" zorder="0.0" />
<object id="Fimir" left="23.0" top="8.0" rotation="downward" zorder="0.0" />
<object id="Orc" left="22.0" top="9.0" rotation="downward" zorder="0.0" />
<object id="Goblin" left="25.0" top="6.0" rotation="downward" zorder="0.0" />
<object id="Goblin" left="10.0" top="19.0" rotation="downward" zorder="0.0" />
<object id="Orc" left="8.0" top="7.0" rotation="downward" zorder="0.0" />
<object id="Orc" left="7.0" top="6.0" rotation="downward" zorder="0.0" />
<object id="Orc" left="8.0" top="5.0" rotation="downward" zorder="0.0" />
<object id="Goblin" left="6.0" top="6.0" rotation="downward" zorder="0.0" />
<object id="Goblin" left="9.0" top="6.0" rotation="downward" zorder="0.0" />
<object id="Goblin" left="12.0" top="3.0" rotation="downward" zorder="0.0" />
<object id="Goblin" left="11.0" top="4.0" rotation="downward" zorder="0.0" />
<object id="Goblin" left="12.0" top="5.0" rotation="downward" zorder="0.0" />
<object id="Fimir" left="7.0" top="3.0" rotation="downward" zorder="0.0" />
<object id="Goblin" left="11.0" top="15.0" rotation="downward" zorder="0.0" />
<object id="Fimir" left="20.0" top="12.0" rotation="downward" zorder="0.0" />
<object id="Orc" left="19.0" top="12.0" rotation="downward" zorder="0.0" />
<object id="Door" left="1.0" top="18.0" rotation="rightward" zorder="1.0" />
<object id="LetterA" left="2.0" top="17.0" rotation="downward" zorder="5.0" />
<object id="LetterB" left="7.0" top="8.0" rotation="downward" zorder="5.0" />
</board>
<speech></speech>
</quest>
